{"cameraMode":{"drawMode":0,"name":"Shaded","section":"Shading Mode"},"sceneLighting":false,"audioPlay":false,"sceneViewState":{"showFog":true,"showMaterialUpdate":false,"showSkybox":false,"showFlares":true,"showImageEffects":true,"showParticleSystems":true},"in2DMode":false,"pivot":{"x":0.006286680698394775,"y":1.0158326625823975,"z":0.014112293720245362},"rotation":{"x":-0.0027842686977237465,"y":-0.6319101452827454,"z":-0.0022840257734060289,"w":0.7750629186630249},"size":1.4019678831100464,"orthographic":false}